<?xml version="1.0" encoding="UTF-8"?>
<plugin_manifest xmlns="http://www.elgg.org/plugin_manifest/1.8">
	<name>Chat</name>
	<author>Team Webgalli</author>
	<version>1.6.1</version>
	<category>Communication</category>
	<category>enhancement</category>
	<category>Team Webgalli</category>
	<description>This is an integration of frei-chat(7.6) for elgg by Team Webgalli. Read the install.txt for installation info.</description>
	<website>http://webgalli.com</website>
	<copyright>Team Webgalli</copyright>
	<license>GNU Public License version 2</license>
	<requires>
		<type>elgg_version</type>
		<version>2010111501</version>
	</requires>
	<admin_interface>advanced</admin_interface>
</plugin_manifest>