<?xml version="1.0" encoding="UTF-8"?>
<plugin_manifest xmlns="http://www.elgg.org/plugin_manifest/1.8">
	<name>recaptcha</name>
	<author>Naveen Nayak</author>
	<version>1.1</version>
	<category>bundled</category>
	<category>plugin</category>
	<description>Use recaptcha for online forms</description>
	<website>http://naveensnayak.wordpress.com</website>
	<copyright>See COPYRIGHT.txt</copyright>
	<license>GNU Public License version 2</license>
	<requires>
		<type>elgg_version</type>
		<version>2010030101</version>
	</requires>
	<admin_interface>advanced</admin_interface>
</plugin_manifest>
